"name","cmc","type","color","rarity","image URL","image Back URL","custom"
"AAT-1","5","Artifact Creature — Droid Construct","WUB","uncommon","https://raw.githubusercontent.com/triggrhappy0/swtg2025/refs/heads/main/Cards/jpgs/AAT-1.jpg","","TRUE"
"Acklay of the Arena","5","Creature — Insect Beast","RGW","rare","https://raw.githubusercontent.com/triggrhappy0/swtg2025/refs/heads/main/Cards/jpgs/Acklay of the Arena.jpg","","TRUE"
"Acquire Target","3","Sorcery","B","common","https://raw.githubusercontent.com/triggrhappy0/swtg2025/refs/heads/main/Cards/jpgs/Acquire Target.jpg","","TRUE"
"Admiral Ackbar","6","Legendary Creature — Mon-Calamari Rebel","U","rare","https://raw.githubusercontent.com/triggrhappy0/swtg2025/refs/heads/main/Cards/jpgs/Admiral Ackbar.jpg","","TRUE"
"Adroit Hateflayer","3","Creature — Nautolan Sith","UBR","common","https://raw.githubusercontent.com/triggrhappy0/swtg2025/refs/heads/main/Cards/jpgs/Adroit Hateflayer.jpg","","TRUE"
"Anakin, Dark Apprentice","5","Legendary Creature — Human Sith","UBR","mythic","https://raw.githubusercontent.com/triggrhappy0/swtg2025/refs/heads/main/Cards/jpgs/Anakin Dark Apprentice.jpg","https://raw.githubusercontent.com/triggrhappy0/swtg2025/refs/heads/main/Cards/jpgs/Anakin Dark Apprentice-Darth Vader.jpg","TRUE"
"Ancient Holocron","3","Artifact",,"rare","https://raw.githubusercontent.com/triggrhappy0/swtg2025/refs/heads/main/Cards/jpgs/Ancient Holocron.jpg","","TRUE"
"Aqualish Thug","5","Creature — Aqualish Rogue","B","common","https://raw.githubusercontent.com/triggrhappy0/swtg2025/refs/heads/main/Cards/jpgs/Aqualish Thug.jpg","","TRUE"
"Armed Protocol Droid","2","Artifact Creature — Droid Rogue","U","uncommon","https://raw.githubusercontent.com/triggrhappy0/swtg2025/refs/heads/main/Cards/jpgs/Armed Protocol Droid.jpg","","TRUE"
"Arrest","3","Enchantment — Aura","W","common","https://raw.githubusercontent.com/triggrhappy0/swtg2025/refs/heads/main/Cards/jpgs/Arrest.jpg","","TRUE"
"Asajj Ventress","4","Legendary Creature — Dathomirian Sith","UBR","rare","https://raw.githubusercontent.com/triggrhappy0/swtg2025/refs/heads/main/Cards/jpgs/Asajj Ventress.jpg","","TRUE"
"AT-ST","6","Artifact Creature — Trooper Construct","G","rare","https://raw.githubusercontent.com/triggrhappy0/swtg2025/refs/heads/main/Cards/jpgs/AT-ST.jpg","","TRUE"
"Aurra Sing, Bane of Jedi","4","Legendary Creature — Palliduvan Hunter","BR","rare","https://raw.githubusercontent.com/triggrhappy0/swtg2025/refs/heads/main/Cards/jpgs/Aurra Sing Bane of Jedi.jpg","","TRUE"
"Bantha Herd","3","Creature — Beast","W","rare","https://raw.githubusercontent.com/triggrhappy0/swtg2025/refs/heads/main/Cards/jpgs/Bantha Herd.jpg","","TRUE"
"Bathe in Bacta","2","Instant","G","common","https://raw.githubusercontent.com/triggrhappy0/swtg2025/refs/heads/main/Cards/jpgs/Bathe in Bacta.jpg","","TRUE"
"Battle Tactics","4","Sorcery","W","uncommon","https://raw.githubusercontent.com/triggrhappy0/swtg2025/refs/heads/main/Cards/jpgs/Battle Tactics.jpg","","TRUE"
"Bib Fortuna","2","Legendary Creature — Twi'lek Advisor","B","rare","https://raw.githubusercontent.com/triggrhappy0/swtg2025/refs/heads/main/Cards/jpgs/Bib Fortuna.jpg","","TRUE"
"Black Market Dealer","3","Creature — Human Rogue","B","uncommon","https://raw.githubusercontent.com/triggrhappy0/swtg2025/refs/heads/main/Cards/jpgs/Black Market Dealer.jpg","","TRUE"
"Blind Worship","5","Enchantment","RGW","rare","https://raw.githubusercontent.com/triggrhappy0/swtg2025/refs/heads/main/Cards/jpgs/Blind Worship.jpg","","TRUE"
"Boba Fett","5","Legendary Creature — Human Hunter","BRG","mythic","https://raw.githubusercontent.com/triggrhappy0/swtg2025/refs/heads/main/Cards/jpgs/Boba Fett.jpg","","TRUE"
"Bossk","3","Legendary Creature — Trandoshan Hunter","G","rare","https://raw.githubusercontent.com/triggrhappy0/swtg2025/refs/heads/main/Cards/jpgs/Bossk.jpg","","TRUE"
"Bounty Collector","2","Creature — Quarren Hunter","G","common","https://raw.githubusercontent.com/triggrhappy0/swtg2025/refs/heads/main/Cards/jpgs/Bounty Collector.jpg","","TRUE"
"Bounty Sniper","2","Creature — Gand Hunter","R","common","https://raw.githubusercontent.com/triggrhappy0/swtg2025/refs/heads/main/Cards/jpgs/Bounty Sniper.jpg","","TRUE"
"Bounty Spotter","2","Creature — Zabrak Hunter","B","common","https://raw.githubusercontent.com/triggrhappy0/swtg2025/refs/heads/main/Cards/jpgs/Bounty Spotter.jpg","","TRUE"
"Broker a Deal","2","Sorcery","RG","rare","https://raw.githubusercontent.com/triggrhappy0/swtg2025/refs/heads/main/Cards/jpgs/Broker a Deal.jpg","","TRUE"
"Bull Rancor","6","Creature — Beast","RGW","rare","https://raw.githubusercontent.com/triggrhappy0/swtg2025/refs/heads/main/Cards/jpgs/Bull Rancor.jpg","","TRUE"
"C-3PO and R2-D2","4","Legendary Artifact Creature — Droid","WU","rare","https://raw.githubusercontent.com/triggrhappy0/swtg2025/refs/heads/main/Cards/jpgs/C-3PO and R2-D2.jpg","","TRUE"
"Cantina Band","1","Creature — Bith Citizen","W","common","https://raw.githubusercontent.com/triggrhappy0/swtg2025/refs/heads/main/Cards/jpgs/Cantina Band.jpg","","TRUE"
"Capture","3","Sorcery","R","common","https://raw.githubusercontent.com/triggrhappy0/swtg2025/refs/heads/main/Cards/jpgs/Capture.jpg","","TRUE"
"Frozen in Carbonite","2","Enchantment — Aura","U","uncommon","https://raw.githubusercontent.com/triggrhappy0/swtg2025/refs/heads/main/Cards/jpgs/Frozen in Carbonite.jpg","","TRUE"
"Chewbacca","5","Legendary Creature — Wookiee Warrior","RGW","rare","https://raw.githubusercontent.com/triggrhappy0/swtg2025/refs/heads/main/Cards/jpgs/Chewbacca.jpg","","TRUE"
"Chief Chirpa","3","Legendary Creature — Ewok Warrior","RGW","rare","https://raw.githubusercontent.com/triggrhappy0/swtg2025/refs/heads/main/Cards/jpgs/Chief Chirpa.jpg","","TRUE"
"Cloaking Device","2","Enchantment — Aura","U","uncommon","https://raw.githubusercontent.com/triggrhappy0/swtg2025/refs/heads/main/Cards/jpgs/Cloaking Device.jpg","","TRUE"
"Commander Cody","5","Legendary Creature — Human Trooper","WUBRG","rare","https://raw.githubusercontent.com/triggrhappy0/swtg2025/refs/heads/main/Cards/jpgs/Commander Cody.jpg","","TRUE"
"Condemn","1","Instant","W","uncommon","https://raw.githubusercontent.com/triggrhappy0/swtg2025/refs/heads/main/Cards/jpgs/Condemn.jpg","","TRUE"
"Crossfire","4","Instant","R","common","https://raw.githubusercontent.com/triggrhappy0/swtg2025/refs/heads/main/Cards/jpgs/Crossfire.jpg","","TRUE"
"Cruelty of the Sith","3","Instant","UBR","uncommon","https://raw.githubusercontent.com/triggrhappy0/swtg2025/refs/heads/main/Cards/jpgs/Cruelty of the Sith.jpg","","TRUE"
"Cunning Abduction","5","Sorcery","UB","rare","https://raw.githubusercontent.com/triggrhappy0/swtg2025/refs/heads/main/Cards/jpgs/Cunning Abduction.jpg","","TRUE"
"Dark Apprenticeship","2","Enchantment","R","uncommon","https://raw.githubusercontent.com/triggrhappy0/swtg2025/refs/heads/main/Cards/jpgs/Dark Apprenticeship.jpg","","TRUE"
"Dark Trooper","3","Creature — Human Trooper","B","uncommon","https://raw.githubusercontent.com/triggrhappy0/swtg2025/refs/heads/main/Cards/jpgs/Dark Trooper.jpg","","TRUE"
"Darth Maul","3","Legendary Creature — Dathomirian Sith","BR","rare","https://raw.githubusercontent.com/triggrhappy0/swtg2025/refs/heads/main/Cards/jpgs/Darth Maul.jpg","","TRUE"
"Chancellor Palpatine","2","Legendary Creature — Human Advisor","UB","mythic","https://raw.githubusercontent.com/triggrhappy0/swtg2025/refs/heads/main/Cards/jpgs/Chancellor Palpatine.jpg","https://raw.githubusercontent.com/triggrhappy0/swtg2025/refs/heads/main/Cards/jpgs/Chancellor Palpatine-Darth Sidious Emperor.jpg","TRUE"
"Dooku, Count of Serenno","3","Legendary Creature — Human Sith Noble","UB","rare","https://raw.githubusercontent.com/triggrhappy0/swtg2025/refs/heads/main/Cards/jpgs/Dooku Count of Serenno.jpg","","TRUE"
"DT Sentry Droid","5","Artifact Creature — Droid Soldier","WUB","uncommon","https://raw.githubusercontent.com/triggrhappy0/swtg2025/refs/heads/main/Cards/jpgs/DT Sentry Droid.jpg","","TRUE"
"Cave Trooper","2","Creature — Human Trooper","B","uncommon","https://raw.githubusercontent.com/triggrhappy0/swtg2025/refs/heads/main/Cards/jpgs/Cave Trooper.jpg","","TRUE"
"Deploy the Troopers","5","Instant","W","uncommon","https://raw.githubusercontent.com/triggrhappy0/swtg2025/refs/heads/main/Cards/jpgs/Deploy the Troopers.jpg","","TRUE"
"Sai Tok","2","Instant","B","common","https://raw.githubusercontent.com/triggrhappy0/swtg2025/refs/heads/main/Cards/jpgs/Sai Tok.jpg","","TRUE"
"Droid Commando","3","Artifact Creature — Droid Soldier","B","uncommon","https://raw.githubusercontent.com/triggrhappy0/swtg2025/refs/heads/main/Cards/jpgs/Droid Commando.jpg","","TRUE"
"Droid Painsmith","2","Artifact Creature — Droid Artificer","B","uncommon","https://raw.githubusercontent.com/triggrhappy0/swtg2025/refs/heads/main/Cards/jpgs/Droid Painsmith.jpg","","TRUE"
"Geonosian Factory","0","Land","WUB","uncommon","https://raw.githubusercontent.com/triggrhappy0/swtg2025/refs/heads/main/Cards/jpgs/Geonosian Factory.jpg",,"TRUE"
"Castle Serenno","0","Land","WUB","rare","https://raw.githubusercontent.com/triggrhappy0/swtg2025/refs/heads/main/Cards/jpgs/Castle Serenno.jpg",,"TRUE"
"Droideka","3","Artifact Creature — Droid Knight","W","uncommon","https://raw.githubusercontent.com/triggrhappy0/swtg2025/refs/heads/main/Cards/jpgs/Droideka.jpg","","TRUE"
"Drone Holocron","3","Artifact",,"uncommon","https://raw.githubusercontent.com/triggrhappy0/swtg2025/refs/heads/main/Cards/jpgs/Drone Holocron.jpg","","TRUE"
"Escape Pod","1","Instant","W","common","https://raw.githubusercontent.com/triggrhappy0/swtg2025/refs/heads/main/Cards/jpgs/Escape Pod.jpg","","TRUE"
"Ewok Ambush","3","Instant","G","common","https://raw.githubusercontent.com/triggrhappy0/swtg2025/refs/heads/main/Cards/jpgs/Ewok Ambush.jpg","","TRUE"
"Ewok Firedancers","4","Creature — Ewok Shaman","G","common","https://raw.githubusercontent.com/triggrhappy0/swtg2025/refs/heads/main/Cards/jpgs/Ewok Firedancers.jpg","","TRUE"
"Bright Tree Village","0","Land","RGW","rare","https://raw.githubusercontent.com/triggrhappy0/swtg2025/refs/heads/main/Cards/jpgs/Bright Tree Village.jpg",,"TRUE"
"Exogorth","7","Creature — Wurm","G","rare","https://raw.githubusercontent.com/triggrhappy0/swtg2025/refs/heads/main/Cards/jpgs/Exogorth.jpg","","TRUE"
"Ferocity of the Underworld","3","Instant","BRG","uncommon","https://raw.githubusercontent.com/triggrhappy0/swtg2025/refs/heads/main/Cards/jpgs/Ferocity of the Underworld.jpg","","TRUE"
"Flames of Remembrance","1","Enchantment","R","rare","https://raw.githubusercontent.com/triggrhappy0/swtg2025/refs/heads/main/Cards/jpgs/Flames of Remembrance.jpg","","TRUE"
"Force Repulse","2","Instant","U","common","https://raw.githubusercontent.com/triggrhappy0/swtg2025/refs/heads/main/Cards/jpgs/Force Repulse.jpg","","TRUE"
"Force Drain","3","Instant","B","uncommon","https://raw.githubusercontent.com/triggrhappy0/swtg2025/refs/heads/main/Cards/jpgs/Force Drain.jpg","","TRUE"
"Shatterpoint","3","Instant","W","common","https://raw.githubusercontent.com/triggrhappy0/swtg2025/refs/heads/main/Cards/jpgs/Shatterpoint.jpg","","TRUE"
"Unlimited Power","2","Sorcery","R","rare","https://raw.githubusercontent.com/triggrhappy0/swtg2025/refs/heads/main/Cards/jpgs/Unlimited Power.jpg","","TRUE"
"Jedi Seeker","5","Creature - Human Jedi","GWU","uncommon","https://raw.githubusercontent.com/triggrhappy0/swtg2025/refs/heads/main/Cards/jpgs/Jedi Seeker.jpg","","TRUE"
"Force Pull","2","Sorcery","G","common","https://raw.githubusercontent.com/triggrhappy0/swtg2025/refs/heads/main/Cards/jpgs/Force Pull.jpg","","TRUE"
"Force Push","3","Instant","U","uncommon","https://raw.githubusercontent.com/triggrhappy0/swtg2025/refs/heads/main/Cards/jpgs/Force Push.jpg","","TRUE"
"Jedi Reflexes","2","Instant","W","common","https://raw.githubusercontent.com/triggrhappy0/swtg2025/refs/heads/main/Cards/jpgs/Jedi Reflexes.jpg","","TRUE"
"Force Scream","3","Sorcery","R","uncommon","https://raw.githubusercontent.com/triggrhappy0/swtg2025/refs/heads/main/Cards/jpgs/Force Scream.jpg","","TRUE"
"Force Spark","1","Instant","R","uncommon","https://raw.githubusercontent.com/triggrhappy0/swtg2025/refs/heads/main/Cards/jpgs/Force Spark.jpg","","TRUE"
"Fulfill Contract","3","Instant","B","common","https://raw.githubusercontent.com/triggrhappy0/swtg2025/refs/heads/main/Cards/jpgs/Fulfill Contract.jpg","","TRUE"
"Gamorrean Jailer","1","Creature — Gamorrean Warrior","R","common","https://raw.githubusercontent.com/triggrhappy0/swtg2025/refs/heads/main/Cards/jpgs/Gamorrean Jailer.jpg","","TRUE"
"General Grievous","3","Legendary Artifact Creature — Kaleesh Warrior","WUB","mythic","https://raw.githubusercontent.com/triggrhappy0/swtg2025/refs/heads/main/Cards/jpgs/General Grievous.jpg","","TRUE"
"Gifted Initiate","4","Creature — Rodian Jedi","W","common","https://raw.githubusercontent.com/triggrhappy0/swtg2025/refs/heads/main/Cards/jpgs/Gifted Initiate.jpg","","TRUE"
"Grand Moff Tarkin","4","Legendary Creature — Human Advisor","B","rare","https://raw.githubusercontent.com/triggrhappy0/swtg2025/refs/heads/main/Cards/jpgs/Grand Moff Tarkin.jpg","","TRUE"
"Greater Krayt Dragon","7","Creature — Dragon Beast","RGW","mythic","https://raw.githubusercontent.com/triggrhappy0/swtg2025/refs/heads/main/Cards/jpgs/Greater Krayt Dragon.jpg","","TRUE"
"Greedo","3","Legendary Creature — Rodian Hunter","BRG","rare","https://raw.githubusercontent.com/triggrhappy0/swtg2025/refs/heads/main/Cards/jpgs/Greedo.jpg","","TRUE"
"Slavering Gundark","1","Creature — Beast","R","common","https://raw.githubusercontent.com/triggrhappy0/swtg2025/refs/heads/main/Cards/jpgs/Slavering Gundark.jpg","","TRUE"
"Gungan Captain","3","Creature — Gungan Warrior","U","common","https://raw.githubusercontent.com/triggrhappy0/swtg2025/refs/heads/main/Cards/jpgs/Gungan Captain.jpg","","TRUE"
"Han Solo","4","Legendary Creature — Human Rogue","R","rare","https://raw.githubusercontent.com/triggrhappy0/swtg2025/refs/heads/main/Cards/jpgs/Han Solo.jpg","","TRUE"
"Head Hunting","2","Instant","B","common","https://raw.githubusercontent.com/triggrhappy0/swtg2025/refs/heads/main/Cards/jpgs/Head Hunting.jpg","","TRUE"
"Heavy Trooper","2","Creature — Human Trooper","W","common","https://raw.githubusercontent.com/triggrhappy0/swtg2025/refs/heads/main/Cards/jpgs/Heavy Trooper.jpg","","TRUE"
"Hot Pursuit","3","Enchantment","BRG","rare","https://raw.githubusercontent.com/triggrhappy0/swtg2025/refs/heads/main/Cards/jpgs/Hot Pursuit.jpg","","TRUE"
"Rapacious Dragonsnake","4","Creature — Snake Beast","GW","common","https://raw.githubusercontent.com/triggrhappy0/swtg2025/refs/heads/main/Cards/jpgs/Rapacious Dragonsnake.jpg","","TRUE"
"Hunt to Extinction","3","Sorcery","BRG","rare","https://raw.githubusercontent.com/triggrhappy0/swtg2025/refs/heads/main/Cards/jpgs/Hunt to Extinction.jpg","","TRUE"
"Hutt Underboss","3","Creature — Hutt Rogue","G","uncommon","https://raw.githubusercontent.com/triggrhappy0/swtg2025/refs/heads/main/Cards/jpgs/Hutt Underboss.jpg","","TRUE"
"Jabba's Palace","0","Land","BRG","rare","https://raw.githubusercontent.com/triggrhappy0/swtg2025/refs/heads/main/Cards/jpgs/Jabbas Palace.jpg",,"TRUE"
"IG-88B","4","Legendary Artifact Creature — Droid Hunter","B","rare","https://raw.githubusercontent.com/triggrhappy0/swtg2025/refs/heads/main/Cards/jpgs/IG-88B.jpg","","TRUE"
"Images of the Past","2","Enchantment","GW","uncommon","https://raw.githubusercontent.com/triggrhappy0/swtg2025/refs/heads/main/Cards/jpgs/Images of the Past.jpg","","TRUE"
"Imperial Gunner","1","Creature — Human Soldier","R","common","https://raw.githubusercontent.com/triggrhappy0/swtg2025/refs/heads/main/Cards/jpgs/Imperial Gunner.jpg","","TRUE"
"Infamous Reputation","5","Enchantment","RG","rare","https://raw.githubusercontent.com/triggrhappy0/swtg2025/refs/heads/main/Cards/jpgs/Infamous Reputation.jpg","","TRUE"
"Insatiable Rakghoul","6","Creature — Zombie Mutant","B","common","https://raw.githubusercontent.com/triggrhappy0/swtg2025/refs/heads/main/Cards/jpgs/Insatiable Rakghoul.jpg","","TRUE"
"Interrogation","2","Sorcery","B","common","https://raw.githubusercontent.com/triggrhappy0/swtg2025/refs/heads/main/Cards/jpgs/Interrogation.jpg","","TRUE"
"Ion Cannon","2","Artifact Creature — Wall","W","common","https://raw.githubusercontent.com/triggrhappy0/swtg2025/refs/heads/main/Cards/jpgs/Ion Cannon.jpg","","TRUE"
"Iron Fist of the Empire","3","Enchantment","UBR","rare","https://raw.githubusercontent.com/triggrhappy0/swtg2025/refs/heads/main/Cards/jpgs/Iron Fist of the Empire.jpg","","TRUE"
"Devoted Initiate","3","Creature — Ithorian Jedi","G","common","https://raw.githubusercontent.com/triggrhappy0/swtg2025/refs/heads/main/Cards/jpgs/Devoted Initiate.jpg","","TRUE"
"Jabba the Hutt","5","Legendary Creature — Hutt Rogue","BRG","rare","https://raw.githubusercontent.com/triggrhappy0/swtg2025/refs/heads/main/Cards/jpgs/Jabba the Hutt.jpg","","TRUE"
"Jango Fett","2","Legendary Creature — Human Hunter","BR","rare","https://raw.githubusercontent.com/triggrhappy0/swtg2025/refs/heads/main/Cards/jpgs/Jango Fett.jpg","","TRUE"
"Jar Jar Binks","3","Legendary Creature — Gungan Coward","U","rare","https://raw.githubusercontent.com/triggrhappy0/swtg2025/refs/heads/main/Cards/jpgs/Jar Jar Binks.jpg","","TRUE"
"Jar'Kai Battle Stance","2","Instant","R","uncommon","https://raw.githubusercontent.com/triggrhappy0/swtg2025/refs/heads/main/Cards/jpgs/JarKai Battle Stance.jpg","","TRUE"
"Jedi Healer","3","Creature — Mirialan Jedi","W","common","https://raw.githubusercontent.com/triggrhappy0/swtg2025/refs/heads/main/Cards/jpgs/Jedi Healer.jpg","","TRUE"
"Jedi Consular","4","Creature — Bothan Jedi","G","common","https://raw.githubusercontent.com/triggrhappy0/swtg2025/refs/heads/main/Cards/jpgs/Jedi Consular.jpg","","TRUE"
"Dantooine Enclave","0","Land","GWU","uncommon","https://raw.githubusercontent.com/triggrhappy0/swtg2025/refs/heads/main/Cards/jpgs/Dantooine Enclave.jpg",,"TRUE"
"Jedi Holocron","3","Artifact",,"uncommon","https://raw.githubusercontent.com/triggrhappy0/swtg2025/refs/heads/main/Cards/jpgs/Jedi Holocron.jpg","","TRUE"
"Jedi Inquirer","2","Creature — Human Jedi","W","uncommon","https://raw.githubusercontent.com/triggrhappy0/swtg2025/refs/heads/main/Cards/jpgs/Jedi Inquirer.jpg","","TRUE"
"Jedi Guardian","4","Creature — Chiss Jedi","W","common","https://raw.githubusercontent.com/triggrhappy0/swtg2025/refs/heads/main/Cards/jpgs/Jedi Guardian.jpg","","TRUE"
"Anakin Skywalker","3","Creature — Human Jedi","GWU","rare","https://raw.githubusercontent.com/triggrhappy0/swtg2025/refs/heads/main/Cards/jpgs/Anakin Skywalker.jpg","","TRUE"
"Jedi Mind Trick","7","Sorcery","U","rare","https://raw.githubusercontent.com/triggrhappy0/swtg2025/refs/heads/main/Cards/jpgs/Jedi Mind Trick.jpg","","TRUE"
"Jedi Sentinel","3","Creature — Human Jedi","GWU","uncommon","https://raw.githubusercontent.com/triggrhappy0/swtg2025/refs/heads/main/Cards/jpgs/Jedi Sentinel.jpg","","TRUE"
"Jedi Starfighter","3","Artifact Creature — Jedi Starship","W","uncommon","https://raw.githubusercontent.com/triggrhappy0/swtg2025/refs/heads/main/Cards/jpgs/Jedi Starfighter.jpg","","TRUE"
"Jedi Grand Temple","0","Land","GWU","rare","https://raw.githubusercontent.com/triggrhappy0/swtg2025/refs/heads/main/Cards/jpgs/Jedi Grand Temple.jpg",,"TRUE"
"Jedi Training","1","Enchantment","U","uncommon","https://raw.githubusercontent.com/triggrhappy0/swtg2025/refs/heads/main/Cards/jpgs/Jedi Training.jpg","","TRUE"
"Jump Trooper","3","Creature — Human Trooper","U","uncommon","https://raw.githubusercontent.com/triggrhappy0/swtg2025/refs/heads/main/Cards/jpgs/Jump Trooper.jpg","","TRUE"
"KX Enforcer Squad","5","Artifact Creature — Droid Warrior","B","common","https://raw.githubusercontent.com/triggrhappy0/swtg2025/refs/heads/main/Cards/jpgs/KX Enforcer Squad.jpg","","TRUE"
"Petranaki Arena","0","Land","RGW","uncommon","https://raw.githubusercontent.com/triggrhappy0/swtg2025/refs/heads/main/Cards/jpgs/Petranaki Arena.jpg",,"TRUE"
"Cloning Facility","0","Land","WUBRG","rare","https://raw.githubusercontent.com/triggrhappy0/swtg2025/refs/heads/main/Cards/jpgs/Cloning Facility.jpg",,"TRUE"
"Ki-Adi-Mundi","5","Legendary Creature — Cerean Jedi","G","rare","https://raw.githubusercontent.com/triggrhappy0/swtg2025/refs/heads/main/Cards/jpgs/Ki-Adi-Mundi.jpg","","TRUE"
"LAAT Gunship","4","Artifact Creature — Starship","W","uncommon","https://raw.githubusercontent.com/triggrhappy0/swtg2025/refs/heads/main/Cards/jpgs/LAAT Gunship.jpg","","TRUE"
"Lando Calrissian","4","Legendary Creature — Human Pilot","W","rare","https://raw.githubusercontent.com/triggrhappy0/swtg2025/refs/heads/main/Cards/jpgs/Lando Calrissian.jpg","","TRUE"
"Legacy of the Beloved","3","Sorcery","G","rare","https://raw.githubusercontent.com/triggrhappy0/swtg2025/refs/heads/main/Cards/jpgs/Legacy of the Beloved.jpg","","TRUE"
"Lightning Strike","2","Instant","R","common","https://raw.githubusercontent.com/triggrhappy0/swtg2025/refs/heads/main/Cards/jpgs/Lightning Strike.jpg","","TRUE"
"Lightsaber","1","Artifact — Equipment",,"uncommon","https://raw.githubusercontent.com/triggrhappy0/swtg2025/refs/heads/main/Cards/jpgs/Lightsaber.jpg","","TRUE"
"Loyal Tauntaun","4","Creature — Beast","W","common","https://raw.githubusercontent.com/triggrhappy0/swtg2025/refs/heads/main/Cards/jpgs/Loyal Tauntaun.jpg","","TRUE"
"Luke, Rebellious Youth","1","Legendary Creature — Human Peasant","W","mythic","https://raw.githubusercontent.com/triggrhappy0/swtg2025/refs/heads/main/Cards/jpgs/Luke Rebellious Youth.jpg","https://raw.githubusercontent.com/triggrhappy0/swtg2025/refs/heads/main/Cards/jpgs/Luke Rebellious Youth-Luke Skywalker.jpg","TRUE"
"Mace Windu","4","Legendary Creature — Human Jedi","U","rare","https://raw.githubusercontent.com/triggrhappy0/swtg2025/refs/heads/main/Cards/jpgs/Mace Windu.jpg","","TRUE"
"Maintenance Droid","4","Artifact Creature — Droid Artificer","WU","common","https://raw.githubusercontent.com/triggrhappy0/swtg2025/refs/heads/main/Cards/jpgs/Maintenance Droid.jpg","","TRUE"
"Maintenance Hangar","2","Enchantment","W","uncommon","https://raw.githubusercontent.com/triggrhappy0/swtg2025/refs/heads/main/Cards/jpgs/Maintenance Hangar.jpg","","TRUE"
"Mantellian Savrip","5","Creature — Mantellian Berserker","G","uncommon","https://raw.githubusercontent.com/triggrhappy0/swtg2025/refs/heads/main/Cards/jpgs/Mantellian Savrip.jpg","","TRUE"
"March of the Droids","5","Sorcery","WU","rare","https://raw.githubusercontent.com/triggrhappy0/swtg2025/refs/heads/main/Cards/jpgs/March of the Droids.jpg","","TRUE"
"Maudlin Instigator","3","Creature — Azumel Rogue","G","common","https://raw.githubusercontent.com/triggrhappy0/swtg2025/refs/heads/main/Cards/jpgs/Maudlin Instigator.jpg","","TRUE"
"Might of the Wild","3","Instant","RGW","uncommon","https://raw.githubusercontent.com/triggrhappy0/swtg2025/refs/heads/main/Cards/jpgs/Might of the Wild.jpg","","TRUE"
"Millenium Falcon","5","Legendary Artifact Creature — Starship","G","rare","https://raw.githubusercontent.com/triggrhappy0/swtg2025/refs/heads/main/Cards/jpgs/Millenium Falcon.jpg","","TRUE"
"Miraculous Recovery","5","Instant","W","uncommon","https://raw.githubusercontent.com/triggrhappy0/swtg2025/refs/heads/main/Cards/jpgs/Miraculous Recovery.jpg","","TRUE"
"Moisture Farm","0","Land","WUBRG","uncommon","https://raw.githubusercontent.com/triggrhappy0/swtg2025/refs/heads/main/Cards/jpgs/Moisture Farm.jpg",,"TRUE"
"Mon Calamari Cruiser","5","Artifact Creature — Starship","U","uncommon","https://raw.githubusercontent.com/triggrhappy0/swtg2025/refs/heads/main/Cards/jpgs/Mon Calamari Cruiser.jpg","","TRUE"
"Keen Initiate","4","Creature — Mon-Calamari Jedi","U","common","https://raw.githubusercontent.com/triggrhappy0/swtg2025/refs/heads/main/Cards/jpgs/Keen Initiate.jpg","","TRUE"
"N-1 Starfighter","3","Artifact Creature — Starship","WU","uncommon","https://raw.githubusercontent.com/triggrhappy0/swtg2025/refs/heads/main/Cards/jpgs/N-1 Starfighter.jpg","","TRUE"
"Natural Navigation","2","Enchantment - Aura","G","common","https://raw.githubusercontent.com/triggrhappy0/swtg2025/refs/heads/main/Cards/jpgs/Natural Navigation.jpg","","TRUE"
"Nebulon-B Frigate","5","Artifact Creature — Starship","W","common","https://raw.githubusercontent.com/triggrhappy0/swtg2025/refs/heads/main/Cards/jpgs/Nebulon-B Frigate.jpg","","TRUE"
"Neophyte Hateflayer","1","Creature — Human Sith","B","common","https://raw.githubusercontent.com/triggrhappy0/swtg2025/refs/heads/main/Cards/jpgs/Neophyte Hateflayer.jpg","","TRUE"
"Nerf Herder","2","Creature — Human Peasant","G","uncommon","https://raw.githubusercontent.com/triggrhappy0/swtg2025/refs/heads/main/Cards/jpgs/Nerf Herder.jpg","","TRUE"
"Nexu Stalker","2","Creature — Beast","G","uncommon","https://raw.githubusercontent.com/triggrhappy0/swtg2025/refs/heads/main/Cards/jpgs/Nexu Stalker.jpg","","TRUE"
"No Contest","2","Sorcery","G","common","https://raw.githubusercontent.com/triggrhappy0/swtg2025/refs/heads/main/Cards/jpgs/No Contest.jpg","","TRUE"
"Novice Bounty Hunter","2","Creature — Human Hunter","R","common","https://raw.githubusercontent.com/triggrhappy0/swtg2025/refs/heads/main/Cards/jpgs/Novice Bounty Hunter.jpg","","TRUE"
"Nute Gunray","3","Legendary Creature — Neimoidian Advisor","WUB","rare","https://raw.githubusercontent.com/triggrhappy0/swtg2025/refs/heads/main/Cards/jpgs/Nute Gunray.jpg","","TRUE"
"Obi-Wan Kenobi","4","Legendary Creature — Human Jedi","WU","rare","https://raw.githubusercontent.com/triggrhappy0/swtg2025/refs/heads/main/Cards/jpgs/Obi-Wan Kenobi.jpg","","TRUE"
"Open Season","2","Enchantment","B","uncommon","https://raw.githubusercontent.com/triggrhappy0/swtg2025/refs/heads/main/Cards/jpgs/Open Season.jpg","","TRUE"
"Orbital Bombardment","5","Sorcery","W","rare","https://raw.githubusercontent.com/triggrhappy0/swtg2025/refs/heads/main/Cards/jpgs/Orbital Bombardment.jpg","","TRUE"
"Order 66","6","Sorcery","B","rare","https://raw.githubusercontent.com/triggrhappy0/swtg2025/refs/heads/main/Cards/jpgs/Order 66.jpg","","TRUE"
"Ortolan Keyboardist","2","Creature — Ortolan Citizen","U","common","https://raw.githubusercontent.com/triggrhappy0/swtg2025/refs/heads/main/Cards/jpgs/Ortolan Keyboardist.jpg","","TRUE"
"Outer Rim Heavies","3","Creature — Trandoshan Rogue","BRG","common","https://raw.githubusercontent.com/triggrhappy0/swtg2025/refs/heads/main/Cards/jpgs/Outer Rim Heavies.jpg","","TRUE"
"Outlaw Holocron","3","Artifact",,"uncommon","https://raw.githubusercontent.com/triggrhappy0/swtg2025/refs/heads/main/Cards/jpgs/Outlaw Holocron.jpg","","TRUE"
"Personal Energy Shield","1","Instant","U","common","https://raw.githubusercontent.com/triggrhappy0/swtg2025/refs/heads/main/Cards/jpgs/Personal Energy Shield.jpg","","TRUE"
"Plo Koon","5","Legendary Creature — Kel-Dor Jedi","W","rare","https://raw.githubusercontent.com/triggrhappy0/swtg2025/refs/heads/main/Cards/jpgs/Plo Koon.jpg","","TRUE"
"Precipice of Mortis","3","Enchantment","GWU","rare","https://raw.githubusercontent.com/triggrhappy0/swtg2025/refs/heads/main/Cards/jpgs/Precipice of Mortis.jpg","","TRUE"
"Aspect of Rancor","1","Enchantment — Aura","G","uncommon","https://raw.githubusercontent.com/triggrhappy0/swtg2025/refs/heads/main/Cards/jpgs/Aspect of Rancor.jpg","","TRUE"
"Preordain","1","Sorcery","U","uncommon","https://raw.githubusercontent.com/triggrhappy0/swtg2025/refs/heads/main/Cards/jpgs/Preordain.jpg","","TRUE"
"Princess Leia","6","Legendary Creature — Human Rebel","W","rare","https://raw.githubusercontent.com/triggrhappy0/swtg2025/refs/heads/main/Cards/jpgs/Princess Leia.jpg","","TRUE"
"Probe Droid","2","Artifact Creature — Droid Scout","U","common","https://raw.githubusercontent.com/triggrhappy0/swtg2025/refs/heads/main/Cards/jpgs/Probe Droid.jpg","","TRUE"
"Qui-Gon Jinn","5","Legendary Creature — Human Jedi","GWU","rare","https://raw.githubusercontent.com/triggrhappy0/swtg2025/refs/heads/main/Cards/jpgs/Qui-Gon Jinn.jpg","","TRUE"
"Raging Reek","5","Creature — Beast","R","common","https://raw.githubusercontent.com/triggrhappy0/swtg2025/refs/heads/main/Cards/jpgs/Raging Reek.jpg","","TRUE"
"Rallying Fire","3","Instant","R","common","https://raw.githubusercontent.com/triggrhappy0/swtg2025/refs/heads/main/Cards/jpgs/Rallying Fire.jpg","","TRUE"
"Ravenous Wampa","3","Creature — Beast","RGW","uncommon","https://raw.githubusercontent.com/triggrhappy0/swtg2025/refs/heads/main/Cards/jpgs/Ravenous Wampa.jpg","","TRUE"
"Republic Frigate","4","Artifact Creature — Starship","U","common","https://raw.githubusercontent.com/triggrhappy0/swtg2025/refs/heads/main/Cards/jpgs/Republic Frigate.jpg","","TRUE"
"Repurpose","5","Sorcery","B","common","https://raw.githubusercontent.com/triggrhappy0/swtg2025/refs/heads/main/Cards/jpgs/Repurpose.jpg","","TRUE"
"You Were My Brother","2","Instant","R","common","https://raw.githubusercontent.com/triggrhappy0/swtg2025/refs/heads/main/Cards/jpgs/You Were My Brother.jpg","","TRUE"
"Riding Ronto","3","Creature — Beast","W","common","https://raw.githubusercontent.com/triggrhappy0/swtg2025/refs/heads/main/Cards/jpgs/Riding Ronto.jpg","","TRUE"
"Artillery Trooper","5","Creature — Human Trooper","R","rare","https://raw.githubusercontent.com/triggrhappy0/swtg2025/refs/heads/main/Cards/jpgs/Artillery Trooper.jpg","","TRUE"
"Rule of Two","2","Enchantment","B","rare","https://raw.githubusercontent.com/triggrhappy0/swtg2025/refs/heads/main/Cards/jpgs/Rule of Two.jpg","","TRUE"
"Rumination","3","Sorcery","U","common","https://raw.githubusercontent.com/triggrhappy0/swtg2025/refs/heads/main/Cards/jpgs/Rumination.jpg","","TRUE"
"Gamble","1","Sorcery","R","rare","https://raw.githubusercontent.com/triggrhappy0/swtg2025/refs/heads/main/Cards/jpgs/Gamble.jpg","","TRUE"
"Salvage Squad","3","Creature — Jawa Artificer","WUB","common","https://raw.githubusercontent.com/triggrhappy0/swtg2025/refs/heads/main/Cards/jpgs/Salvage Squad.jpg","","TRUE"
"Patrol Trooper","2","Creature — Human Trooper","W","common","https://raw.githubusercontent.com/triggrhappy0/swtg2025/refs/heads/main/Cards/jpgs/Patrol Trooper.jpg","","TRUE"
"Sarlacc Pit","2","Creature — Beast","RG","rare","https://raw.githubusercontent.com/triggrhappy0/swtg2025/refs/heads/main/Cards/jpgs/Sarlacc Pit.jpg","","TRUE"
"Scout the Perimeter","2","Sorcery","G","common","https://raw.githubusercontent.com/triggrhappy0/swtg2025/refs/heads/main/Cards/jpgs/Scout the Perimeter.jpg","","TRUE"
"Trooper Sergeant","5","Creature — Human Trooper","G","common","https://raw.githubusercontent.com/triggrhappy0/swtg2025/refs/heads/main/Cards/jpgs/Trooper Sergeant.jpg","","TRUE"
"Security Droid","2","Artifact Creature — Droid Soldier","W","common","https://raw.githubusercontent.com/triggrhappy0/swtg2025/refs/heads/main/Cards/jpgs/Security Droid.jpg","","TRUE"
"Senator Bail Organa","2","Legendary Creature — Human Rebel","GW","uncommon","https://raw.githubusercontent.com/triggrhappy0/swtg2025/refs/heads/main/Cards/jpgs/Senator Bail Organa.jpg","","TRUE"
"Padmé Amidala","2","Legendary Creature — Human Advisor","WU","uncommon","https://raw.githubusercontent.com/triggrhappy0/swtg2025/refs/heads/main/Cards/jpgs/Padme Amidala.jpg","","TRUE"
"Relentless Pit Fighter","2","Creature — Trandoshan Berserker","G","common","https://raw.githubusercontent.com/triggrhappy0/swtg2025/refs/heads/main/Cards/jpgs/Relentless Pit Fighter.jpg","","TRUE"
"Shaak Herd","2","Creature — Beast","G","common","https://raw.githubusercontent.com/triggrhappy0/swtg2025/refs/heads/main/Cards/jpgs/Shaak Herd.jpg","","TRUE"
"Shadow Trooper","3","Creature — Human Trooper","U","uncommon","https://raw.githubusercontent.com/triggrhappy0/swtg2025/refs/heads/main/Cards/jpgs/Shadow Trooper.jpg","","TRUE"
"Shock Trooper","5","Creature — Human Trooper","R","uncommon","https://raw.githubusercontent.com/triggrhappy0/swtg2025/refs/heads/main/Cards/jpgs/Shock Trooper.jpg","","TRUE"
"Show of Dominance","4","Sorcery","G","uncommon","https://raw.githubusercontent.com/triggrhappy0/swtg2025/refs/heads/main/Cards/jpgs/Show of Dominance.jpg","","TRUE"
"Sith Assassin","3","Creature — Pureblood Sith","B","common","https://raw.githubusercontent.com/triggrhappy0/swtg2025/refs/heads/main/Cards/jpgs/Sith Assassin.jpg","","TRUE"
"Fortress Vader","0","Land","UBR","rare","https://raw.githubusercontent.com/triggrhappy0/swtg2025/refs/heads/main/Cards/jpgs/Fortress Vader.jpg",,"TRUE"
"Sith Evoker","4","Creature — Chiss Sith","B","uncommon","https://raw.githubusercontent.com/triggrhappy0/swtg2025/refs/heads/main/Cards/jpgs/Sith Evoker.jpg","","TRUE"
"Sith Holocron","3","Artifact",,"uncommon","https://raw.githubusercontent.com/triggrhappy0/swtg2025/refs/heads/main/Cards/jpgs/Sith Holocron.jpg","","TRUE"
"Sith Inquisitor","5","Creature — Human Sith","B","uncommon","https://raw.githubusercontent.com/triggrhappy0/swtg2025/refs/heads/main/Cards/jpgs/Sith Inquisitor.jpg","","TRUE"
"Sith Lord","4","Creature — Human Sith","BR","rare","https://raw.githubusercontent.com/triggrhappy0/swtg2025/refs/heads/main/Cards/jpgs/Sith Lord.jpg","","TRUE"
"Sith Magic","3","Enchantment","UBR","rare","https://raw.githubusercontent.com/triggrhappy0/swtg2025/refs/heads/main/Cards/jpgs/Sith Magic.jpg","","TRUE"
"Sith Manipulator","4","Creature — Human Sith","U","common","https://raw.githubusercontent.com/triggrhappy0/swtg2025/refs/heads/main/Cards/jpgs/Sith Manipulator.jpg","","TRUE"
"Sith Marauder","4","Creature — Pau'an Sith","BR","uncommon","https://raw.githubusercontent.com/triggrhappy0/swtg2025/refs/heads/main/Cards/jpgs/Sith Marauder.jpg","","TRUE"
"Sith Mindseer","4","Creature — Human Sith","UBR","uncommon","https://raw.githubusercontent.com/triggrhappy0/swtg2025/refs/heads/main/Cards/jpgs/Sith Mindseer.jpg","","TRUE"
"Sith Ravager","3","Creature — Human Sith","R","common","https://raw.githubusercontent.com/triggrhappy0/swtg2025/refs/heads/main/Cards/jpgs/Sith Ravager.jpg","","TRUE"
"Korriban Ruins","0","Land","UBR","uncommon","https://raw.githubusercontent.com/triggrhappy0/swtg2025/refs/heads/main/Cards/jpgs/Korriban Ruins.jpg",,"TRUE"
"Sith Sorcerer","3","Creature — Pureblood Sith","U","common","https://raw.githubusercontent.com/triggrhappy0/swtg2025/refs/heads/main/Cards/jpgs/Sith Sorcerer.jpg","","TRUE"
"Sith Thoughtseeker","2","Creature — Human Sith","B","common","https://raw.githubusercontent.com/triggrhappy0/swtg2025/refs/heads/main/Cards/jpgs/Sith Thoughtseeker.jpg","","TRUE"
"Slave I","4","Legendary Artifact Creature — Starship","BRG","rare","https://raw.githubusercontent.com/triggrhappy0/swtg2025/refs/heads/main/Cards/jpgs/Slave I.jpg","","TRUE"
"Smash to Smithereens","2","Instant","R","uncommon","https://raw.githubusercontent.com/triggrhappy0/swtg2025/refs/heads/main/Cards/jpgs/Smash to Smithereens.jpg","","TRUE"
"Snow Trooper","3","Creature — Human Trooper","W","common","https://raw.githubusercontent.com/triggrhappy0/swtg2025/refs/heads/main/Cards/jpgs/Snow Trooper.jpg","","TRUE"
"Speeder Trooper","3","Creature — Human Trooper","R","common","https://raw.githubusercontent.com/triggrhappy0/swtg2025/refs/heads/main/Cards/jpgs/Speeder Trooper.jpg","","TRUE"
"Star Destroyer","7","Artifact Creature — Starship","UBR","rare","https://raw.githubusercontent.com/triggrhappy0/swtg2025/refs/heads/main/Cards/jpgs/Star Destroyer.jpg","","TRUE"
"Strike Team Captain","3","Creature — Human Rebel","GW","common","https://raw.githubusercontent.com/triggrhappy0/swtg2025/refs/heads/main/Cards/jpgs/Strike Team Captain.jpg","","TRUE"
"Super Battle Droid","6","Artifact Creature — Droid Soldier","U","uncommon","https://raw.githubusercontent.com/triggrhappy0/swtg2025/refs/heads/main/Cards/jpgs/Super Battle Droid.jpg","","TRUE"
"Inspire","2","Instant","U","common","https://raw.githubusercontent.com/triggrhappy0/swtg2025/refs/heads/main/Cards/jpgs/Inspire.jpg","","TRUE"
"Syndicate Findsman","3","Creature — Gand Hunter","R","uncommon","https://raw.githubusercontent.com/triggrhappy0/swtg2025/refs/heads/main/Cards/jpgs/Syndicate Findsman.jpg","","TRUE"
"Tank Droid","6","Artifact Creature — Droid Juggernaut","WUB","rare","https://raw.githubusercontent.com/triggrhappy0/swtg2025/refs/heads/main/Cards/jpgs/Tank Droid.jpg","","TRUE"
"Terentatek Cub","2","Creature — Beast","R","uncommon","https://raw.githubusercontent.com/triggrhappy0/swtg2025/refs/heads/main/Cards/jpgs/Terentatek Cub.jpg","","TRUE"
"The Battle of Endor","6","Battle — Siege","G","mythic","https://raw.githubusercontent.com/triggrhappy0/swtg2025/refs/heads/main/Cards/jpgs/The Battle of Endor.jpg","https://raw.githubusercontent.com/triggrhappy0/swtg2025/refs/heads/main/Cards/jpgs/The Battle of Endor-Planetary Shield Generator.jpg","TRUE"
"The Battle of Geonosis","6","Battle — Siege","R","mythic","https://raw.githubusercontent.com/triggrhappy0/swtg2025/refs/heads/main/Cards/jpgs/The Battle of Geonosis.jpg","https://raw.githubusercontent.com/triggrhappy0/swtg2025/refs/heads/main/Cards/jpgs/The Battle of Geonosis-Core Ship Obliteration.jpg","TRUE"
"The Battle of Hoth","6","Battle — Siege","W","mythic","https://raw.githubusercontent.com/triggrhappy0/swtg2025/refs/heads/main/Cards/jpgs/The Battle of Hoth.jpg","https://raw.githubusercontent.com/triggrhappy0/swtg2025/refs/heads/main/Cards/jpgs/The Battle of Hoth-Echo Base.jpg","TRUE"
"The Battle of Naboo","6","Battle — Siege","U","mythic","https://raw.githubusercontent.com/triggrhappy0/swtg2025/refs/heads/main/Cards/jpgs/The Battle of Naboo.jpg","https://raw.githubusercontent.com/triggrhappy0/swtg2025/refs/heads/main/Cards/jpgs/The Battle of Naboo-Journey Through the Core.jpg","TRUE"
"The Battle of Yavin","6","Battle — Siege","B","mythic","https://raw.githubusercontent.com/triggrhappy0/swtg2025/refs/heads/main/Cards/jpgs/The Battle of Yavin.jpg","https://raw.githubusercontent.com/triggrhappy0/swtg2025/refs/heads/main/Cards/jpgs/The Battle of Yavin-Trench Run.jpg","TRUE"
"The Death Star","0","Legendary Artifact Land",,"mythic","https://raw.githubusercontent.com/triggrhappy0/swtg2025/refs/heads/main/Cards/jpgs/The Death Star.jpg",,"TRUE"
"TIE Bomber","3","Artifact Creature — Starship","B","common","https://raw.githubusercontent.com/triggrhappy0/swtg2025/refs/heads/main/Cards/jpgs/TIE Bomber.jpg","","TRUE"
"TIE Interceptor","2","Artifact Creature — Starship","B","uncommon","https://raw.githubusercontent.com/triggrhappy0/swtg2025/refs/heads/main/Cards/jpgs/TIE Interceptor.jpg","","TRUE"
"Lucrehulk Battleship","6","Artifact Creature — Starship","WUB","rare","https://raw.githubusercontent.com/triggrhappy0/swtg2025/refs/heads/main/Cards/jpgs/Lucrehulk Battleship.jpg","","TRUE"
"Tri-Fighter","3","Artifact Creature — Droid Starship","UB","uncommon","https://raw.githubusercontent.com/triggrhappy0/swtg2025/refs/heads/main/Cards/jpgs/Tri-Fighter.jpg","","TRUE"
"Forest Trooper","3","Creature — Human Trooper","G","rare","https://raw.githubusercontent.com/triggrhappy0/swtg2025/refs/heads/main/Cards/jpgs/Forest Trooper.jpg","","TRUE"
"Twi'lek Smuggler","2","Creature — Twi'lek Rogue","G","common","https://raw.githubusercontent.com/triggrhappy0/swtg2025/refs/heads/main/Cards/jpgs/Twilek Smuggler.jpg","","TRUE"
"Ugnaught Scrap Worker","2","Creature — Ugnaught Artificer","U","common","https://raw.githubusercontent.com/triggrhappy0/swtg2025/refs/heads/main/Cards/jpgs/Ugnaught Scrap Worker.jpg","","TRUE"
"Corellian Slums","0","Land","BRG","uncommon","https://raw.githubusercontent.com/triggrhappy0/swtg2025/refs/heads/main/Cards/jpgs/Corellian Slums.jpg",,"TRUE"
"Unity of the Droids","3","Instant","WUB","uncommon","https://raw.githubusercontent.com/triggrhappy0/swtg2025/refs/heads/main/Cards/jpgs/Unity of the Droids.jpg","","TRUE"
"Unruly Sureshot","5","Creature — Human Hunter","B","uncommon","https://raw.githubusercontent.com/triggrhappy0/swtg2025/refs/heads/main/Cards/jpgs/Unruly Sureshot.jpg","","TRUE"
"Force Whirlwind","1","Instant","U","common","https://raw.githubusercontent.com/triggrhappy0/swtg2025/refs/heads/main/Cards/jpgs/Force Whirlwind.jpg","","TRUE"
"V-Wing","2","Artifact Creature — Starship","R","uncommon","https://raw.githubusercontent.com/triggrhappy0/swtg2025/refs/heads/main/Cards/jpgs/V-Wing.jpg","","TRUE"
"Weequay Beastmaster","2","Creature — Weequay Shaman","R","uncommon","https://raw.githubusercontent.com/triggrhappy0/swtg2025/refs/heads/main/Cards/jpgs/Weequay Beastmaster.jpg","","TRUE"
"Wild Holocron","3","Artifact",,"uncommon","https://raw.githubusercontent.com/triggrhappy0/swtg2025/refs/heads/main/Cards/jpgs/Wild Holocron.jpg","","TRUE"
"Wisdom of the Jedi","3","Instant","GWU","uncommon","https://raw.githubusercontent.com/triggrhappy0/swtg2025/refs/heads/main/Cards/jpgs/Wisdom of the Jedi.jpg","","TRUE"
"Womp Rats","4","Creature — Rat Beast","W","common","https://raw.githubusercontent.com/triggrhappy0/swtg2025/refs/heads/main/Cards/jpgs/Womp Rats.jpg","","TRUE"
"Wookiee Bounty Hunter","5","Creature — Wookiee Hunter","G","common","https://raw.githubusercontent.com/triggrhappy0/swtg2025/refs/heads/main/Cards/jpgs/Wookiee Bounty Hunter.jpg","","TRUE"
"Wookiee Mystic","2","Creature — Wookiee Shaman","G","uncommon","https://raw.githubusercontent.com/triggrhappy0/swtg2025/refs/heads/main/Cards/jpgs/Wookiee Mystic.jpg","","TRUE"
"X-Wing","3","Artifact Creature — Rebel Starship","W","common","https://raw.githubusercontent.com/triggrhappy0/swtg2025/refs/heads/main/Cards/jpgs/X-Wing.jpg","","TRUE"
"Cryptic Hermit","2","Legendary Creature — Shaman","U","mythic","https://raw.githubusercontent.com/triggrhappy0/swtg2025/refs/heads/main/Cards/jpgs/Cryptic Hermit.jpg","https://raw.githubusercontent.com/triggrhappy0/swtg2025/refs/heads/main/Cards/jpgs/Cryptic Hermit-Yoda Jedi Grand Master.jpg","TRUE"
"Y-Wing","3","Artifact Creature — Rebel Starship","U","uncommon","https://raw.githubusercontent.com/triggrhappy0/swtg2025/refs/heads/main/Cards/jpgs/Y-Wing.jpg","","TRUE"
"Zam Wesell","4","Legendary Creature — Clawdite Hunter","U","rare","https://raw.githubusercontent.com/triggrhappy0/swtg2025/refs/heads/main/Cards/jpgs/Zam Wesell.jpg","","TRUE"
"Gravitic Maelstrom","0","Land","WUBRG","rare","https://raw.githubusercontent.com/triggrhappy0/swtg2025/refs/heads/main/Cards/jpgs/Gravitic Maelstrom.jpg",,"TRUE"
"Monument Plaza","0","Land","WUBRG","uncommon","https://raw.githubusercontent.com/triggrhappy0/swtg2025/refs/heads/main/Cards/jpgs/Monument Plaza.jpg",,"TRUE"
"Neimoidian Bridge City","0","Land - Plains Island Swamp","WUB","rare","https://raw.githubusercontent.com/triggrhappy0/swtg2025/refs/heads/main/Cards/jpgs/Neimoidian Bridge City.jpg",,"TRUE"
"Tombs of Dathomir","0","Land - Island Swamp Mountain","UBR","rare","https://raw.githubusercontent.com/triggrhappy0/swtg2025/refs/heads/main/Cards/jpgs/Tombs of Dathomir.jpg",,"TRUE"
"Great Jedi Library","0","Land - Forest Plains Island","GWU","rare","https://raw.githubusercontent.com/triggrhappy0/swtg2025/refs/heads/main/Cards/jpgs/Great Jedi Library.jpg",,"TRUE"
"Sith Citadel","0","Land","UBR","uncommon","https://raw.githubusercontent.com/triggrhappy0/swtg2025/refs/heads/main/Cards/jpgs/Sith Citadel.jpg",,"TRUE"
"Felucian Jungle","0","Land - Mountain Forest Plains","RGW","rare","https://raw.githubusercontent.com/triggrhappy0/swtg2025/refs/heads/main/Cards/jpgs/Felucian Jungle.jpg",,"TRUE"
"Eos Foundry","0","Land","WUB","uncommon","https://raw.githubusercontent.com/triggrhappy0/swtg2025/refs/heads/main/Cards/jpgs/Eos Foundry.jpg",,"TRUE"
"Meditation Chamber","0","Land","GWU","uncommon","https://raw.githubusercontent.com/triggrhappy0/swtg2025/refs/heads/main/Cards/jpgs/Meditation Chamber.jpg",,"TRUE"
"Nar Shaddaa Promenade","0","Land","BRG","uncommon","https://raw.githubusercontent.com/triggrhappy0/swtg2025/refs/heads/main/Cards/jpgs/Nar Shaddaa Promenade.jpg",,"TRUE"
"Mos Eisley Cantina","0","Land - Swamp Mountain Forest","BRG","rare","https://raw.githubusercontent.com/triggrhappy0/swtg2025/refs/heads/main/Cards/jpgs/Mos Eisley Cantina.jpg",,"TRUE"
"Dxun Outpost","0","Land","RGW","uncommon","https://raw.githubusercontent.com/triggrhappy0/swtg2025/refs/heads/main/Cards/jpgs/Dxun Outpost.jpg",,"TRUE"
"Cloud City","0","Land - Plains Island","WU","common","https://raw.githubusercontent.com/triggrhappy0/swtg2025/refs/heads/main/Cards/jpgs/Cloud City.jpg",,"TRUE"
"Vaults of Scipio","0","Land - Plains Swamp","WB","common","https://raw.githubusercontent.com/triggrhappy0/swtg2025/refs/heads/main/Cards/jpgs/Vaults of Scipio.jpg",,"TRUE"
"Spice Mines","0","Land - Swamp Mountain","BR","common","https://raw.githubusercontent.com/triggrhappy0/swtg2025/refs/heads/main/Cards/jpgs/Spice Mines.jpg",,"TRUE"
"Hermit's Refuge","0","Land - Swamp Forest","BG","common","https://raw.githubusercontent.com/triggrhappy0/swtg2025/refs/heads/main/Cards/jpgs/Hermits Refuge.jpg",,"TRUE"
"Sunbaked Ridge","0","Land - Mountain Plains","WR","common","https://raw.githubusercontent.com/triggrhappy0/swtg2025/refs/heads/main/Cards/jpgs/Sunbaked Ridge.jpg",,"TRUE"
"Alderaan Hills","0","Land - Forest Plains","GW","common","https://raw.githubusercontent.com/triggrhappy0/swtg2025/refs/heads/main/Cards/jpgs/Alderaan Hills.jpg",,"TRUE"
"Scarif Base","0","Land - Island Mountain","UR","common","https://raw.githubusercontent.com/triggrhappy0/swtg2025/refs/heads/main/Cards/jpgs/Scarif Base.jpg",,"TRUE"
"Subsurface Ocean","0","Land - Island Swamp","UB","common","https://raw.githubusercontent.com/triggrhappy0/swtg2025/refs/heads/main/Cards/jpgs/Subsurface Ocean.jpg",,"TRUE"
"Varykino Villa","0","Land - Forest Island","UG","common","https://raw.githubusercontent.com/triggrhappy0/swtg2025/refs/heads/main/Cards/jpgs/Varykino Villa.jpg",,"TRUE"
"Wroshyr Village","0","Land - Mountain Forest","RG","common","https://raw.githubusercontent.com/triggrhappy0/swtg2025/refs/heads/main/Cards/jpgs/Wroshyr Village.jpg",,"TRUE"
"Queen Amidala","2","Legendary Creature — Human Noble","GW","rare","https://raw.githubusercontent.com/triggrhappy0/swtg2025/refs/heads/main/Cards/jpgs/Queen Amidala.jpg","","TRUE"
"Bludgeoning Pain","2","Instant","B","common","https://raw.githubusercontent.com/triggrhappy0/swtg2025/refs/heads/main/Cards/jpgs/Bludgeoning Pain.jpg","","TRUE"
"Dengar the Demolisher","5","Legendary Creature — Human Hunter","B","rare","https://raw.githubusercontent.com/triggrhappy0/swtg2025/refs/heads/main/Cards/jpgs/Dengar the Demolisher.jpg","","TRUE"
"Geonosian Warrior","1","Creature — Insect Warrior","R","common","https://raw.githubusercontent.com/triggrhappy0/swtg2025/refs/heads/main/Cards/jpgs/Geonosian Warrior.jpg","","TRUE"
"Hondo Ohnaka","3","Legendary Creature — Weequay Hunter","R","uncommon","https://raw.githubusercontent.com/triggrhappy0/swtg2025/refs/heads/main/Cards/jpgs/Hondo Ohnaka.jpg","","TRUE"
"Astrogation Error","4","Instant","U","uncommon","https://raw.githubusercontent.com/triggrhappy0/swtg2025/refs/heads/main/Cards/jpgs/Astrogation Error.jpg","","TRUE"
"Kit Fisto","4","Legendary Creature — Nautolan Jedi","GWU","rare","https://raw.githubusercontent.com/triggrhappy0/swtg2025/refs/heads/main/Cards/jpgs/Kit Fisto.jpg","","TRUE"
"Shoot First","2","Instant","R","common","https://raw.githubusercontent.com/triggrhappy0/swtg2025/refs/heads/main/Cards/jpgs/Shoot First.jpg","","TRUE"
"Spider Droid","2","Artifact Creature — Droid","U","common","https://raw.githubusercontent.com/triggrhappy0/swtg2025/refs/heads/main/Cards/jpgs/Spider Droid.jpg","","TRUE"
"Tarfful, Wookiee General","2","Legendary Creature — Wookiee Warrior","RG","uncommon","https://raw.githubusercontent.com/triggrhappy0/swtg2025/refs/heads/main/Cards/jpgs/Tarfful Wookiee General.jpg","","TRUE"
"The Battle of Coruscant","2","Battle — Siege","R","rare","https://raw.githubusercontent.com/triggrhappy0/swtg2025/refs/heads/main/Cards/jpgs/The Battle of Coruscant.jpg","https://raw.githubusercontent.com/triggrhappy0/swtg2025/refs/heads/main/Cards/jpgs/The Battle of Coruscant-Feed Your Anger.jpg","TRUE"
"The Battle of Kamino","2","Battle — Siege","U","rare","https://raw.githubusercontent.com/triggrhappy0/swtg2025/refs/heads/main/Cards/jpgs/The Battle of Kamino.jpg","https://raw.githubusercontent.com/triggrhappy0/swtg2025/refs/heads/main/Cards/jpgs/The Battle of Kamino-Embryo Chamber.jpg","TRUE"
"The Battle of Kashyyyk","2","Battle — Siege","G","rare","https://raw.githubusercontent.com/triggrhappy0/swtg2025/refs/heads/main/Cards/jpgs/The Battle of Kashyyyk.jpg","https://raw.githubusercontent.com/triggrhappy0/swtg2025/refs/heads/main/Cards/jpgs/The Battle of Kashyyyk-Wookiee Militia.jpg","TRUE"
"The Battle of Utapau","2","Battle — Siege","B","rare","https://raw.githubusercontent.com/triggrhappy0/swtg2025/refs/heads/main/Cards/jpgs/The Battle of Utapau.jpg","https://raw.githubusercontent.com/triggrhappy0/swtg2025/refs/heads/main/Cards/jpgs/The Battle of Utapau-The First Galactic Empire.jpg","TRUE"
"The Battle of Scarif","2","Battle — Siege","W","rare","https://raw.githubusercontent.com/triggrhappy0/swtg2025/refs/heads/main/Cards/jpgs/The Battle of Scarif.jpg","https://raw.githubusercontent.com/triggrhappy0/swtg2025/refs/heads/main/Cards/jpgs/The Battle of Scarif-Landing Pad.jpg","TRUE"
"Force Choke","2","Instant","UB","uncommon","https://raw.githubusercontent.com/triggrhappy0/swtg2025/refs/heads/main/Cards/jpgs/Force Choke.jpg","","TRUE"
"Sith Acolyte","1","Creature — Dathomirian Sith","R","uncommon","https://raw.githubusercontent.com/triggrhappy0/swtg2025/refs/heads/main/Cards/jpgs/Sith Acolyte.jpg","","TRUE"
"Korriban Tomb Guardian","1","Creature — Zombie Warrior","B","uncommon","https://raw.githubusercontent.com/triggrhappy0/swtg2025/refs/heads/main/Cards/jpgs/Korriban Tomb Guardian.jpg","","TRUE"
"Force Awakening","2","Instant","GW","rare","https://raw.githubusercontent.com/triggrhappy0/swtg2025/refs/heads/main/Cards/jpgs/Force Awakening.jpg","","TRUE"
"Force Crush","4","Instant","R","uncommon","https://raw.githubusercontent.com/triggrhappy0/swtg2025/refs/heads/main/Cards/jpgs/Force Crush.jpg","","TRUE"
"Force Bond","3","Enchantment","GWU","rare","https://raw.githubusercontent.com/triggrhappy0/swtg2025/refs/heads/main/Cards/jpgs/Force Bond.jpg","","TRUE"
"Cut Down","1","Instant","B","common","https://raw.githubusercontent.com/triggrhappy0/swtg2025/refs/heads/main/Cards/jpgs/Cut Down.jpg","","TRUE"
"Hazard Trooper","2","Creature — Human Cyborg Trooper","B","uncommon","https://raw.githubusercontent.com/triggrhappy0/swtg2025/refs/heads/main/Cards/jpgs/Hazard Trooper.jpg","","TRUE"
"Scout Trooper","2","Creature — Human Trooper","G","common","https://raw.githubusercontent.com/triggrhappy0/swtg2025/refs/heads/main/Cards/jpgs/Scout Trooper.jpg","","TRUE"
"Assault Trooper","3","Creature — Human Trooper","R","common","https://raw.githubusercontent.com/triggrhappy0/swtg2025/refs/heads/main/Cards/jpgs/Assault Trooper.jpg","","TRUE"
"Trooper Squad Leader","5","Creature — Human Trooper","G","rare","https://raw.githubusercontent.com/triggrhappy0/swtg2025/refs/heads/main/Cards/jpgs/Trooper Squad Leader.jpg","","TRUE"
"Trooper Medic","3","Creature — Human Trooper","W","uncommon","https://raw.githubusercontent.com/triggrhappy0/swtg2025/refs/heads/main/Cards/jpgs/Trooper Medic.jpg","","TRUE"
"Sand Trooper","2","Creature — Human Trooper","W","common","https://raw.githubusercontent.com/triggrhappy0/swtg2025/refs/heads/main/Cards/jpgs/Sand Trooper.jpg","","TRUE"
"Trooper Commando","6","Creature — Human Trooper","G","common","https://raw.githubusercontent.com/triggrhappy0/swtg2025/refs/heads/main/Cards/jpgs/Trooper Commando.jpg","","TRUE"
"Swamp Trooper","3","Creature — Human Trooper","B","common","https://raw.githubusercontent.com/triggrhappy0/swtg2025/refs/heads/main/Cards/jpgs/Swamp Trooper.jpg","","TRUE"
"Flame Trooper","3","Creature — Human Trooper","R","uncommon","https://raw.githubusercontent.com/triggrhappy0/swtg2025/refs/heads/main/Cards/jpgs/Flame Trooper.jpg","","TRUE"
"Shore Trooper","2","Creature — Human Trooper","U","common","https://raw.githubusercontent.com/triggrhappy0/swtg2025/refs/heads/main/Cards/jpgs/Shore Trooper.jpg","","TRUE"
"Hyperspace Collapse","6","Sorcery","W","rare","https://raw.githubusercontent.com/triggrhappy0/swtg2025/refs/heads/main/Cards/jpgs/Hyperspace Collapse.jpg","","TRUE"
"Mass Shadow Generator","4","Sorcery","B","rare","https://raw.githubusercontent.com/triggrhappy0/swtg2025/refs/heads/main/Cards/jpgs/Mass Shadow Generator.jpg","","TRUE"
"Cron Drift Supernova","9","Sorcery","R","rare","https://raw.githubusercontent.com/triggrhappy0/swtg2025/refs/heads/main/Cards/jpgs/Cron Drift Supernova.jpg","","TRUE"
"Path to Exile","1","Instant","W","uncommon","https://raw.githubusercontent.com/triggrhappy0/swtg2025/refs/heads/main/Cards/jpgs/Path to Exile.jpg","","TRUE"
"Enter the Arena","2","Instant","G","common","https://raw.githubusercontent.com/triggrhappy0/swtg2025/refs/heads/main/Cards/jpgs/Enter the Arena.jpg","","TRUE"
"Strike Down","2","Instant","B","uncommon","https://raw.githubusercontent.com/triggrhappy0/swtg2025/refs/heads/main/Cards/jpgs/Strike Down.jpg","","TRUE"
"Abrade","2","Instant","R","uncommon","https://raw.githubusercontent.com/triggrhappy0/swtg2025/refs/heads/main/Cards/jpgs/Abrade.jpg","","TRUE"
"Scorching Elimination","2","Sorcery","R","uncommon","https://raw.githubusercontent.com/triggrhappy0/swtg2025/refs/heads/main/Cards/jpgs/Scorching Elimination.jpg","","TRUE"
"Shiak","2","Instant","R","common","https://raw.githubusercontent.com/triggrhappy0/swtg2025/refs/heads/main/Cards/jpgs/Shiak.jpg","","TRUE"
"Ruthless Rise","1","Sorcery","B","common","https://raw.githubusercontent.com/triggrhappy0/swtg2025/refs/heads/main/Cards/jpgs/Ruthless Rise.jpg","","TRUE"
"Butcher","4","Instant","B","uncommon","https://raw.githubusercontent.com/triggrhappy0/swtg2025/refs/heads/main/Cards/jpgs/Butcher.jpg","","TRUE"
"Take Vengeance","2","Sorcery","W","common","https://raw.githubusercontent.com/triggrhappy0/swtg2025/refs/heads/main/Cards/jpgs/Take Vengeance.jpg","","TRUE"
"Hammerhead Corvette","4","Artifact Creature — Starship","G","uncommon","https://raw.githubusercontent.com/triggrhappy0/swtg2025/refs/heads/main/Cards/jpgs/Hammerhead Corvette.jpg","","TRUE"
"Thermal Detonator","1","Artifact",,"common","https://raw.githubusercontent.com/triggrhappy0/swtg2025/refs/heads/main/Cards/jpgs/Thermal Detonator.jpg","","TRUE"
"Vader's Command","5","Sorcery","B","rare","https://raw.githubusercontent.com/triggrhappy0/swtg2025/refs/heads/main/Cards/jpgs/Vaders Command.jpg","","TRUE"
"Afterburn","2","Instant","R","common","https://raw.githubusercontent.com/triggrhappy0/swtg2025/refs/heads/main/Cards/jpgs/Afterburn.jpg","","TRUE"
"Conscription","5","Sorcery","U","uncommon","https://raw.githubusercontent.com/triggrhappy0/swtg2025/refs/heads/main/Cards/jpgs/Conscription.jpg","","TRUE"
"Corellian Gunship","1","Artifact Creature — Starship","R","common","https://raw.githubusercontent.com/triggrhappy0/swtg2025/refs/heads/main/Cards/jpgs/Corellian Gunship.jpg","","TRUE"
"Despair","2","Instant","B","uncommon","https://raw.githubusercontent.com/triggrhappy0/swtg2025/refs/heads/main/Cards/jpgs/Despair.jpg","","TRUE"
"Droid Uprising","4","Instant","W","uncommon","https://raw.githubusercontent.com/triggrhappy0/swtg2025/refs/heads/main/Cards/jpgs/Droid Uprising.jpg","","TRUE"
"Astromech","2","Artifact Creature — Droid Artificer","W","common","https://raw.githubusercontent.com/triggrhappy0/swtg2025/refs/heads/main/Cards/jpgs/Astromech.jpg","","TRUE"
"Force Stasis","2","Instant","U","common","https://raw.githubusercontent.com/triggrhappy0/swtg2025/refs/heads/main/Cards/jpgs/Force Stasis.jpg","","TRUE"
"Underworld Enforcer","5","Creature — Human Rogue","BR","common","https://raw.githubusercontent.com/triggrhappy0/swtg2025/refs/heads/main/Cards/jpgs/Underworld Enforcer.jpg","","TRUE"
"Mouse Droid","2","Artifact Creature — Droid","U","common","https://raw.githubusercontent.com/triggrhappy0/swtg2025/refs/heads/main/Cards/jpgs/Mouse Droid.jpg","","TRUE"
"Droid Gunship","4","Artifact Creature — Droid Starship","U","uncommon","https://raw.githubusercontent.com/triggrhappy0/swtg2025/refs/heads/main/Cards/jpgs/Droid Gunship.jpg","","TRUE"
"Sandcrawler","5","Artifact Creature — Jawa Construct","WUB","uncommon","https://raw.githubusercontent.com/triggrhappy0/swtg2025/refs/heads/main/Cards/jpgs/Sandcrawler.jpg","","TRUE"
"Spaceport Swindler","2","Creature — Jawa Rogue","U","common","https://raw.githubusercontent.com/triggrhappy0/swtg2025/refs/heads/main/Cards/jpgs/Spaceport Swindler.jpg","","TRUE"
"Hungry Mynock","2","Creature — Bat Beast","W","uncommon","https://raw.githubusercontent.com/triggrhappy0/swtg2025/refs/heads/main/Cards/jpgs/Hungry Mynock.jpg","","TRUE"
"Council's Verdict","3","Instant","GWU","rare","https://raw.githubusercontent.com/triggrhappy0/swtg2025/refs/heads/main/Cards/jpgs/Councils Verdict.jpg","","TRUE"
"Ahsoka Tano","4","Legendary Creature — Togruta Jedi","U","rare","https://raw.githubusercontent.com/triggrhappy0/swtg2025/refs/heads/main/Cards/jpgs/Ahsoka Tano.jpg","","TRUE"
"Magna Guard","3","Artifact Creature — Droid Warrior","U","rare","https://raw.githubusercontent.com/triggrhappy0/swtg2025/refs/heads/main/Cards/jpgs/Magna Guard.jpg","","TRUE"
"Combat Enhancement","2","Enchantment — Aura","U","uncommon","https://raw.githubusercontent.com/triggrhappy0/swtg2025/refs/heads/main/Cards/jpgs/Combat Enhancement.jpg","","TRUE"
"Force Barrier","3","Instant","U","common","https://raw.githubusercontent.com/triggrhappy0/swtg2025/refs/heads/main/Cards/jpgs/Force Barrier.jpg","","TRUE"
"Scavenge","3","Sorcery","B","common","https://raw.githubusercontent.com/triggrhappy0/swtg2025/refs/heads/main/Cards/jpgs/Scavenge.jpg","","TRUE"
"Vornskr Pack","4","Creature — Beast","G","uncommon","https://raw.githubusercontent.com/triggrhappy0/swtg2025/refs/heads/main/Cards/jpgs/Vornskr Pack.jpg","","TRUE"
"Nexu Ambush","4","Instant","G","rare","https://raw.githubusercontent.com/triggrhappy0/swtg2025/refs/heads/main/Cards/jpgs/Nexu Ambush.jpg","","TRUE"
"Peaceful Horax","3","Creature — Beast","G","rare","https://raw.githubusercontent.com/triggrhappy0/swtg2025/refs/heads/main/Cards/jpgs/Peaceful Horax.jpg","","TRUE"
"Ysalamiri Brood","2","Creature — Lizard","G","uncommon","https://raw.githubusercontent.com/triggrhappy0/swtg2025/refs/heads/main/Cards/jpgs/Ysalamiri Brood.jpg","","TRUE"
"Jedi Animist","3","Creature — Wookiee Jedi","G","uncommon","https://raw.githubusercontent.com/triggrhappy0/swtg2025/refs/heads/main/Cards/jpgs/Jedi Animist.jpg","","TRUE"
"Bestial Rampage","5","Sorcery","G","uncommon","https://raw.githubusercontent.com/triggrhappy0/swtg2025/refs/heads/main/Cards/jpgs/Bestial Rampage.jpg","","TRUE"
"Commune with the Force","5","Enchantment","G","rare","https://raw.githubusercontent.com/triggrhappy0/swtg2025/refs/heads/main/Cards/jpgs/Commune with the Force.jpg","","TRUE"
"Terentatek Mauler","7","Creature — Beast","R","rare","https://raw.githubusercontent.com/triggrhappy0/swtg2025/refs/heads/main/Cards/jpgs/Terentatek Mauler.jpg","","TRUE"
"Sun Djem","2","Instant","G","common","https://raw.githubusercontent.com/triggrhappy0/swtg2025/refs/heads/main/Cards/jpgs/Sun Djem.jpg","","TRUE"
"Cho Mok","2","Instant","U","common","https://raw.githubusercontent.com/triggrhappy0/swtg2025/refs/heads/main/Cards/jpgs/Cho Mok.jpg","","TRUE"
"Shiim","2","Instant","W","common","https://raw.githubusercontent.com/triggrhappy0/swtg2025/refs/heads/main/Cards/jpgs/Shiim.jpg","","TRUE"
"Savage Appetite","3","Instant","RGW","uncommon","https://raw.githubusercontent.com/triggrhappy0/swtg2025/refs/heads/main/Cards/jpgs/Savage Appetite.jpg","","TRUE"
"Thunderous Applause","5","Sorcery","W","rare","https://raw.githubusercontent.com/triggrhappy0/swtg2025/refs/heads/main/Cards/jpgs/Thunderous Applause.jpg","","TRUE"
"Hunter's Trophy","3","Instant","BRG","rare","https://raw.githubusercontent.com/triggrhappy0/swtg2025/refs/heads/main/Cards/jpgs/Hunters Trophy.jpg","","TRUE"
"Imperial Mercy","4","Instant","UBR","rare","https://raw.githubusercontent.com/triggrhappy0/swtg2025/refs/heads/main/Cards/jpgs/Imperial Mercy.jpg","","TRUE"
"Bothan Infiltrator","3","Creature — Bothan Rogue","UB","uncommon","https://raw.githubusercontent.com/triggrhappy0/swtg2025/refs/heads/main/Cards/jpgs/Bothan Infiltrator.jpg","","TRUE"
"Uncivilized Conduct","2","Instant","RG","common","https://raw.githubusercontent.com/triggrhappy0/swtg2025/refs/heads/main/Cards/jpgs/Uncivilized Conduct.jpg","","TRUE"
"Belligerent Brawler","5","Creature — Aqualish Warrior","GR","common","https://raw.githubusercontent.com/triggrhappy0/swtg2025/refs/heads/main/Cards/jpgs/Belligerent Brawler.jpg","","TRUE"
"Strike Twice","12","Sorcery","R","rare","https://raw.githubusercontent.com/triggrhappy0/swtg2025/refs/heads/main/Cards/jpgs/Strike Twice.jpg","","TRUE"
"Wellspring of Life","0","Land","WUBRG","rare","https://raw.githubusercontent.com/triggrhappy0/swtg2025/refs/heads/main/Cards/jpgs/Wellspring of Life.jpg",,"TRUE"
"Biox Detour","0","Land","GU","rare","https://raw.githubusercontent.com/triggrhappy0/swtg2025/refs/heads/main/Cards/jpgs/Biox Detour.jpg",,"TRUE"
"Corellian Run","0","Land","RG","rare","https://raw.githubusercontent.com/triggrhappy0/swtg2025/refs/heads/main/Cards/jpgs/Corellian Run.jpg",,"TRUE"
"Hydian Way","0","Land","WU","rare","https://raw.githubusercontent.com/triggrhappy0/swtg2025/refs/heads/main/Cards/jpgs/Hydian Way.jpg",,"TRUE"
"Ison Corridor","0","Land","WB","rare","https://raw.githubusercontent.com/triggrhappy0/swtg2025/refs/heads/main/Cards/jpgs/Ison Corridor.jpg",,"TRUE"
"Kessel Run","0","Land","BR","rare","https://raw.githubusercontent.com/triggrhappy0/swtg2025/refs/heads/main/Cards/jpgs/Kessel Run.jpg",,"TRUE"
"Mantellian Trail","0","Land","BG","rare","https://raw.githubusercontent.com/triggrhappy0/swtg2025/refs/heads/main/Cards/jpgs/Mantellian Trail.jpg",,"TRUE"
"Perlemian Route","0","Land","GW","rare","https://raw.githubusercontent.com/triggrhappy0/swtg2025/refs/heads/main/Cards/jpgs/Perlemian Route.jpg",,"TRUE"
"Rimma Approach","0","Land","UB","rare","https://raw.githubusercontent.com/triggrhappy0/swtg2025/refs/heads/main/Cards/jpgs/Rimma Approach.jpg",,"TRUE"
"Roon Curve","0","Land","UR","rare","https://raw.githubusercontent.com/triggrhappy0/swtg2025/refs/heads/main/Cards/jpgs/Roon Curve.jpg",,"TRUE"
"Sullustan Path","0","Land","RW","rare","https://raw.githubusercontent.com/triggrhappy0/swtg2025/refs/heads/main/Cards/jpgs/Sullustan Path.jpg",,"TRUE"
"Onderon Grove","0","Land - Forest","RGW","rare","https://raw.githubusercontent.com/triggrhappy0/swtg2025/refs/heads/main/Cards/jpgs/Onderon Grove.jpg",,"TRUE"
"Balmorran Lagoon","0","Land - Island","WBU","rare","https://raw.githubusercontent.com/triggrhappy0/swtg2025/refs/heads/main/Cards/jpgs/Balmorran Lagoon.jpg",,"TRUE"
"Mount Tantiss","0","Land - Mountain","BGR","rare","https://raw.githubusercontent.com/triggrhappy0/swtg2025/refs/heads/main/Cards/jpgs/Mount Tantiss.jpg",,"TRUE"
"Lake Country Meadow","0","Land - Plains","WGU","rare","https://raw.githubusercontent.com/triggrhappy0/swtg2025/refs/heads/main/Cards/jpgs/Lake Country Meadow.jpg",,"TRUE"
"Koboh Mire","0","Land - Swamp","UBR","rare","https://raw.githubusercontent.com/triggrhappy0/swtg2025/refs/heads/main/Cards/jpgs/Koboh Mire.jpg",,"TRUE"
